id,participation_id,fund_id,investor_id,commitment_amount,commitment_currency,commitment_date,funded_amount,remaining_commitment,status
ccm_0001,par_0001,fnd_0007,per_0047,150000000,USD,2026-04-20,45083085,104916915,ACTIVE
ccm_0002,par_0002,fnd_0001,cmp_0005,20000000,USD,2023-10-19,4467877,15532123,ACTIVE
ccm_0003,par_0003,fnd_0007,per_0033,5000000,USD,2021-09-05,3819380,1180620,ACTIVE
ccm_0004,par_0004,fnd_0004,per_0090,5000000,USD,2026-03-06,1993114,3006886,ACTIVE
ccm_0005,par_0005,fnd_0004,per_0044,150000000,USD,2026-04-06,82738565,67261435,ACTIVE
ccm_0006,par_0006,fnd_0002,per_0019,50000000,USD,2022-01-01,19549550,30450450,ACTIVE
ccm_0007,par_0007,fnd_0002,per_0066,2000000,USD,2022-12-07,1642310,357690,ACTIVE
ccm_0008,par_0008,fnd_0005,per_0048,50000000,USD,2024-03-27,23549846,26450154,ACTIVE
ccm_0009,par_0009,fnd_0004,per_0017,50000000,USD,2024-11-06,32886995,17113005,ACTIVE
ccm_0010,par_0010,fnd_0004,per_0074,50000000,USD,2023-08-25,11716044,38283956,ACTIVE
ccm_0011,par_0011,fnd_0008,trs_0003,50000000,USD,2021-12-21,41338870,8661130,ACTIVE
ccm_0012,par_0012,fnd_0008,per_0069,5000000,USD,2023-05-06,1012180,3987820,ACTIVE
ccm_0013,par_0013,fnd_0004,cmp_0034,100000000,USD,2022-07-15,43629238,56370762,ACTIVE
ccm_0014,par_0014,fnd_0006,cmp_0018,5000000,USD,2021-09-15,2860447,2139553,ACTIVE
ccm_0015,par_0015,fnd_0007,per_0005,300000000,USD,2024-09-26,75206171,224793829,ACTIVE
ccm_0016,par_0016,fnd_0006,per_0058,5000000,USD,2024-02-06,3981518,1018482,ACTIVE
ccm_0017,par_0017,fnd_0007,per_0006,10000000,USD,2022-04-28,4540540,5459460,ACTIVE
ccm_0018,par_0018,fnd_0002,per_0032,150000000,USD,2026-03-13,122564132,27435868,ACTIVE
ccm_0019,par_0019,fnd_0008,per_0089,2000000,USD,2022-01-04,601874,1398126,ACTIVE
ccm_0020,par_0020,fnd_0007,per_0017,5000000,USD,2021-10-13,4253905,746095,ACTIVE
ccm_0021,par_0021,fnd_0008,per_0009,100000000,USD,2024-04-13,56663044,43336956,ACTIVE
ccm_0022,par_0022,fnd_0003,per_0018,150000000,USD,2024-06-05,96365020,53634980,ACTIVE
ccm_0023,par_0023,fnd_0001,per_0014,50000000,USD,2024-09-06,11227647,38772353,ACTIVE
ccm_0024,par_0024,fnd_0002,per_0030,300000000,USD,2023-03-27,167952816,132047184,ACTIVE
ccm_0025,par_0025,fnd_0001,cmp_0022,10000000,USD,2023-01-29,6796360,3203640,ACTIVE
ccm_0026,par_0026,fnd_0001,per_0051,5000000,USD,2022-10-12,3775934,1224066,ACTIVE
ccm_0027,par_0027,fnd_0003,cmp_0026,150000000,USD,2025-02-21,98571113,51428887,ACTIVE
ccm_0028,par_0028,fnd_0008,per_0086,50000000,USD,2025-01-05,31775282,18224718,ACTIVE
ccm_0029,par_0029,fnd_0003,per_0069,300000000,USD,2023-02-28,109257763,190742237,ACTIVE
ccm_0030,par_0030,fnd_0002,cmp_0036,5000000,USD,2021-03-04,3090904,1909096,ACTIVE
ccm_0031,par_0031,fnd_0003,per_0006,300000000,USD,2023-08-12,238788272,61211728,ACTIVE
ccm_0032,par_0032,fnd_0008,per_0021,20000000,USD,2024-10-10,6247930,13752070,ACTIVE
ccm_0033,par_0033,fnd_0006,per_0010,300000000,USD,2021-12-08,244976971,55023029,ACTIVE
ccm_0034,par_0034,fnd_0004,cmp_0021,5000000,USD,2025-08-12,2627096,2372904,ACTIVE
ccm_0035,par_0035,fnd_0007,per_0028,300000000,USD,2025-05-09,237513625,62486375,ACTIVE
ccm_0036,par_0036,fnd_0008,cmp_0035,50000000,USD,2025-01-26,44380961,5619039,ACTIVE
ccm_0037,par_0037,fnd_0001,per_0034,2000000,USD,2025-12-26,1382904,617096,ACTIVE
ccm_0038,par_0038,fnd_0006,per_0059,5000000,USD,2021-08-07,1911204,3088796,ACTIVE
ccm_0039,par_0039,fnd_0008,per_0011,2000000,USD,2024-10-27,1431125,568875,ACTIVE
ccm_0040,par_0040,fnd_0007,trs_0006,300000000,USD,2023-10-16,183913103,116086897,ACTIVE
ccm_0041,par_0041,fnd_0008,per_0017,10000000,USD,2023-11-16,5417374,4582626,ACTIVE
ccm_0042,par_0042,fnd_0002,cmp_0017,50000000,USD,2023-12-06,19949541,30050459,ACTIVE
ccm_0043,par_0043,fnd_0007,per_0018,2000000,USD,2023-07-14,706293,1293707,ACTIVE
ccm_0044,par_0044,fnd_0004,per_0008,100000000,USD,2024-08-05,36536796,63463204,ACTIVE
ccm_0045,par_0045,fnd_0002,cmp_0036,300000000,USD,2025-03-01,210811792,89188208,ACTIVE
ccm_0046,par_0046,fnd_0004,cmp_0034,150000000,USD,2021-12-27,130929392,19070608,ACTIVE
ccm_0047,par_0047,fnd_0005,per_0067,150000000,USD,2021-04-06,38583637,111416363,ACTIVE
ccm_0048,par_0048,fnd_0003,trs_0001,2000000,USD,2024-03-05,1744441,255559,ACTIVE
ccm_0049,par_0049,fnd_0008,per_0085,20000000,USD,2024-07-16,12849773,7150227,ACTIVE
ccm_0050,par_0050,fnd_0003,per_0078,2000000,USD,2025-03-25,469984,1530016,ACTIVE
ccm_0051,par_0051,fnd_0008,per_0072,2000000,USD,2025-11-17,1539882,460118,ACTIVE
ccm_0052,par_0052,fnd_0006,cmp_0037,5000000,USD,2021-08-22,1176643,3823357,ACTIVE
ccm_0053,par_0053,fnd_0005,per_0088,2000000,USD,2022-11-11,784559,1215441,ACTIVE
ccm_0054,par_0054,fnd_0006,per_0016,20000000,USD,2021-09-30,7148990,12851010,ACTIVE
ccm_0055,par_0055,fnd_0006,per_0090,50000000,USD,2024-02-10,44532537,5467463,ACTIVE
ccm_0056,par_0056,fnd_0008,per_0001,150000000,USD,2025-07-12,50933144,99066856,ACTIVE
ccm_0057,par_0057,fnd_0002,per_0012,150000000,USD,2024-12-03,88365928,61634072,ACTIVE
ccm_0058,par_0058,fnd_0001,per_0031,20000000,USD,2022-02-19,6756533,13243467,ACTIVE
ccm_0059,par_0059,fnd_0006,per_0050,150000000,USD,2026-04-24,43344152,106655848,ACTIVE
ccm_0060,par_0060,fnd_0005,cmp_0005,100000000,USD,2025-02-19,28371774,71628226,ACTIVE
ccm_0061,par_0061,fnd_0006,cmp_0001,20000000,USD,2025-05-01,15520943,4479057,ACTIVE
ccm_0062,par_0062,fnd_0001,trs_0006,5000000,USD,2024-06-13,1418939,3581061,ACTIVE
ccm_0063,par_0063,fnd_0003,cmp_0011,20000000,USD,2025-09-16,12495897,7504103,ACTIVE
ccm_0064,par_0064,fnd_0002,trs_0003,20000000,USD,2021-04-29,17341219,2658781,ACTIVE
ccm_0065,par_0065,fnd_0002,per_0053,10000000,USD,2026-03-07,4024979,5975021,ACTIVE
ccm_0066,par_0066,fnd_0001,trs_0001,20000000,USD,2025-11-24,14026944,5973056,ACTIVE
ccm_0067,par_0067,fnd_0003,cmp_0036,50000000,USD,2023-07-29,44264328,5735672,ACTIVE
ccm_0068,par_0068,fnd_0002,cmp_0005,2000000,USD,2022-04-29,943875,1056125,ACTIVE
ccm_0069,par_0069,fnd_0001,per_0063,20000000,USD,2021-06-04,10543001,9456999,ACTIVE
ccm_0070,par_0070,fnd_0005,per_0033,150000000,USD,2025-08-18,58596576,91403424,ACTIVE
ccm_0071,par_0071,fnd_0003,cmp_0024,20000000,USD,2025-07-03,7428641,12571359,ACTIVE
ccm_0072,par_0072,fnd_0008,per_0028,20000000,USD,2024-10-28,8664166,11335834,ACTIVE
ccm_0073,par_0073,fnd_0007,per_0008,150000000,USD,2023-11-27,84854889,65145111,ACTIVE
ccm_0074,par_0074,fnd_0003,per_0031,50000000,USD,2021-06-18,14529678,35470322,ACTIVE
ccm_0075,par_0075,fnd_0002,per_0008,150000000,USD,2024-01-14,106912057,43087943,ACTIVE
ccm_0076,par_0076,fnd_0007,per_0022,150000000,USD,2023-08-09,65866136,84133864,ACTIVE
ccm_0077,par_0077,fnd_0005,cmp_0010,150000000,USD,2024-03-07,119233902,30766098,ACTIVE
ccm_0078,par_0078,fnd_0003,per_0038,50000000,USD,2021-11-11,34586971,15413029,ACTIVE
ccm_0079,par_0079,fnd_0007,cmp_0023,300000000,USD,2025-11-20,157337483,142662517,ACTIVE
ccm_0080,par_0080,fnd_0006,per_0005,100000000,USD,2021-04-18,69821084,30178916,ACTIVE
ccm_0081,par_0081,fnd_0002,cmp_0025,300000000,USD,2021-08-24,189915538,110084462,ACTIVE
ccm_0082,par_0082,fnd_0003,per_0068,300000000,USD,2025-01-03,115538643,184461357,ACTIVE
ccm_0083,par_0083,fnd_0008,per_0040,5000000,USD,2025-01-27,2324611,2675389,ACTIVE
ccm_0084,par_0084,fnd_0008,per_0053,100000000,USD,2022-10-27,68095626,31904374,ACTIVE
ccm_0085,par_0085,fnd_0006,per_0079,300000000,USD,2025-05-27,231214465,68785535,ACTIVE
ccm_0086,par_0086,fnd_0003,per_0074,10000000,USD,2023-08-29,3833851,6166149,ACTIVE
ccm_0087,par_0087,fnd_0007,per_0084,150000000,USD,2022-03-03,61265588,88734412,ACTIVE
ccm_0088,par_0088,fnd_0001,per_0080,20000000,USD,2023-11-01,10802694,9197306,ACTIVE
ccm_0089,par_0089,fnd_0008,per_0054,2000000,USD,2025-07-06,778925,1221075,ACTIVE
ccm_0090,par_0090,fnd_0003,per_0068,2000000,USD,2024-09-09,587075,1412925,ACTIVE
ccm_0091,par_0091,fnd_0006,per_0038,5000000,USD,2021-02-28,3408925,1591075,ACTIVE
ccm_0092,par_0092,fnd_0008,cmp_0018,2000000,USD,2022-06-24,1170627,829373,ACTIVE
ccm_0093,par_0093,fnd_0005,cmp_0006,150000000,USD,2022-11-09,107659827,42340173,ACTIVE
ccm_0094,par_0094,fnd_0006,cmp_0023,5000000,USD,2021-09-24,1800043,3199957,ACTIVE
ccm_0095,par_0095,fnd_0003,per_0045,100000000,USD,2024-09-22,89792721,10207279,ACTIVE
ccm_0096,par_0096,fnd_0007,per_0085,5000000,USD,2024-04-19,4251296,748704,ACTIVE
ccm_0097,par_0097,fnd_0006,per_0084,20000000,USD,2024-07-18,11351609,8648391,ACTIVE
ccm_0098,par_0098,fnd_0004,per_0053,20000000,USD,2021-10-21,12270730,7729270,ACTIVE
ccm_0099,par_0099,fnd_0008,per_0084,50000000,USD,2024-01-02,19578831,30421169,ACTIVE
ccm_0100,par_0100,fnd_0004,cmp_0001,300000000,USD,2026-04-22,217452171,82547829,ACTIVE
ccm_0101,par_0101,fnd_0006,trs_0008,300000000,USD,2025-10-18,229150253,70849747,ACTIVE
ccm_0102,par_0102,fnd_0001,per_0049,10000000,USD,2023-04-23,3643602,6356398,ACTIVE
ccm_0103,par_0103,fnd_0007,per_0030,300000000,USD,2021-10-30,87543122,212456878,ACTIVE
ccm_0104,par_0104,fnd_0003,per_0011,150000000,USD,2023-12-12,117726605,32273395,ACTIVE
ccm_0105,par_0105,fnd_0003,per_0089,100000000,USD,2026-01-17,55011846,44988154,ACTIVE
ccm_0106,par_0106,fnd_0004,trs_0005,2000000,USD,2023-05-22,754232,1245768,ACTIVE
ccm_0107,par_0107,fnd_0005,per_0081,300000000,USD,2023-03-26,267787088,32212912,ACTIVE
ccm_0108,par_0108,fnd_0001,per_0005,2000000,USD,2022-11-06,1069176,930824,ACTIVE
ccm_0109,par_0109,fnd_0007,cmp_0016,300000000,USD,2021-11-11,100036108,199963892,ACTIVE
ccm_0110,par_0110,fnd_0007,per_0078,100000000,USD,2024-09-01,59760292,40239708,ACTIVE
ccm_0111,par_0111,fnd_0004,trs_0003,150000000,USD,2025-11-01,59215847,90784153,ACTIVE
ccm_0112,par_0112,fnd_0006,trs_0004,300000000,USD,2025-05-27,169913359,130086641,ACTIVE
ccm_0113,par_0113,fnd_0004,trs_0001,2000000,USD,2023-07-30,1666207,333793,ACTIVE
ccm_0114,par_0114,fnd_0004,per_0043,5000000,USD,2025-10-06,3856886,1143114,ACTIVE
ccm_0115,par_0115,fnd_0006,per_0065,10000000,USD,2023-11-04,3698879,6301121,ACTIVE
ccm_0116,par_0116,fnd_0003,per_0076,2000000,USD,2021-06-06,778506,1221494,ACTIVE
ccm_0117,par_0117,fnd_0003,per_0010,100000000,USD,2022-05-01,56017007,43982993,ACTIVE
ccm_0118,par_0118,fnd_0007,per_0026,150000000,USD,2026-02-09,79643937,70356063,ACTIVE
ccm_0119,par_0119,fnd_0005,per_0066,150000000,USD,2021-08-12,86887158,63112842,ACTIVE
ccm_0120,par_0120,fnd_0005,trs_0006,20000000,USD,2023-04-16,9447724,10552276,ACTIVE
ccm_0121,par_0121,fnd_0007,cmp_0012,100000000,USD,2022-04-25,42579703,57420297,ACTIVE
ccm_0122,par_0122,fnd_0008,trs_0011,300000000,USD,2021-07-21,196019232,103980768,ACTIVE
ccm_0123,par_0123,fnd_0002,per_0077,300000000,USD,2025-10-03,242074559,57925441,ACTIVE
ccm_0124,par_0124,fnd_0002,trs_0002,2000000,USD,2026-03-24,1692655,307345,ACTIVE
ccm_0125,par_0125,fnd_0004,cmp_0023,2000000,USD,2024-11-25,1326202,673798,ACTIVE
ccm_0126,par_0126,fnd_0002,per_0028,300000000,USD,2023-06-28,109481098,190518902,ACTIVE
ccm_0127,par_0127,fnd_0008,per_0050,10000000,USD,2024-05-26,7861769,2138231,ACTIVE
ccm_0128,par_0128,fnd_0006,per_0078,20000000,USD,2022-09-26,11278288,8721712,ACTIVE
ccm_0129,par_0129,fnd_0008,per_0020,300000000,USD,2025-05-07,126241140,173758860,ACTIVE
ccm_0130,par_0130,fnd_0007,per_0081,5000000,USD,2022-06-19,3101850,1898150,ACTIVE
ccm_0131,par_0131,fnd_0004,per_0070,150000000,USD,2021-05-08,117273010,32726990,ACTIVE
ccm_0132,par_0132,fnd_0001,cmp_0021,2000000,USD,2024-06-23,491377,1508623,ACTIVE
ccm_0133,par_0133,fnd_0005,cmp_0007,5000000,USD,2022-05-20,2260340,2739660,ACTIVE
ccm_0134,par_0134,fnd_0007,per_0019,100000000,USD,2026-05-22,57537106,42462894,ACTIVE
ccm_0135,par_0135,fnd_0003,per_0058,300000000,USD,2021-04-02,133461503,166538497,ACTIVE
ccm_0136,par_0136,fnd_0008,per_0035,300000000,USD,2024-08-10,70551130,229448870,ACTIVE
ccm_0137,par_0137,fnd_0006,trs_0005,50000000,USD,2021-06-09,22118456,27881544,ACTIVE
ccm_0138,par_0138,fnd_0004,per_0072,10000000,USD,2022-10-22,3084210,6915790,ACTIVE
ccm_0139,par_0139,fnd_0001,per_0066,5000000,USD,2024-04-18,1098101,3901899,ACTIVE
ccm_0140,par_0140,fnd_0003,per_0038,5000000,USD,2023-03-24,3117743,1882257,ACTIVE
ccm_0141,par_0141,fnd_0003,per_0070,2000000,USD,2022-09-08,1257347,742653,ACTIVE
ccm_0142,par_0142,fnd_0004,per_0019,20000000,USD,2024-08-06,11358555,8641445,ACTIVE
ccm_0143,par_0143,fnd_0002,per_0011,150000000,USD,2023-03-07,92032665,57967335,ACTIVE
ccm_0144,par_0144,fnd_0004,per_0066,5000000,USD,2022-01-07,1880010,3119990,ACTIVE
ccm_0145,par_0145,fnd_0007,per_0058,20000000,USD,2024-10-30,15296638,4703362,ACTIVE
ccm_0146,par_0146,fnd_0003,per_0070,10000000,USD,2026-06-02,3920037,6079963,ACTIVE
ccm_0147,par_0147,fnd_0002,cmp_0019,50000000,USD,2024-12-26,21442167,28557833,ACTIVE
ccm_0148,par_0148,fnd_0004,cmp_0010,50000000,USD,2022-09-09,43917601,6082399,ACTIVE
ccm_0149,par_0149,fnd_0008,per_0063,5000000,USD,2024-02-09,3077199,1922801,ACTIVE
ccm_0150,par_0150,fnd_0001,cmp_0040,50000000,USD,2023-04-15,25713353,24286647,ACTIVE
