id,capital_call_id,commitment_id,investor_id,allocated_amount,currency,status
calo_0001,cca_0001,ccm_0002,cmp_0005,569837,USD,LATE
calo_0002,cca_0001,ccm_0023,per_0014,5194535,USD,PAID
calo_0003,cca_0001,ccm_0026,per_0051,342331,USD,PAID
calo_0004,cca_0001,ccm_0066,trs_0001,2032080,USD,PAID
calo_0005,cca_0001,ccm_0132,cmp_0021,110368,USD,PAID
calo_0006,cca_0001,ccm_0139,per_0066,192308,USD,PAID
calo_0007,cca_0001,ccm_0150,cmp_0040,2840956,USD,PAID
calo_0008,cca_0002,ccm_0002,cmp_0005,2023862,USD,PAID
calo_0009,cca_0002,ccm_0058,per_0031,555817,USD,PAID
calo_0010,cca_0002,ccm_0062,trs_0006,175233,USD,LATE
calo_0011,cca_0002,ccm_0069,per_0063,823926,USD,PAID
calo_0012,cca_0002,ccm_0102,per_0049,1021213,USD,PAID
calo_0013,cca_0002,ccm_0132,cmp_0021,193369,USD,PAID
calo_0014,cca_0002,ccm_0139,per_0066,548166,USD,PAID
calo_0015,cca_0003,ccm_0002,cmp_0005,863414,USD,DUE
calo_0016,cca_0003,ccm_0023,per_0014,1347548,USD,PAID
calo_0017,cca_0003,ccm_0025,cmp_0022,652928,USD,LATE
calo_0018,cca_0003,ccm_0026,per_0051,449742,USD,LATE
calo_0019,cca_0003,ccm_0037,per_0034,43887,USD,PAID
calo_0020,cca_0003,ccm_0058,per_0031,1571451,USD,PAID
calo_0021,cca_0003,ccm_0066,trs_0001,1203765,USD,PAID
calo_0022,cca_0003,ccm_0088,per_0080,479007,USD,PAID
calo_0023,cca_0003,ccm_0139,per_0066,155994,USD,PAID
calo_0024,cca_0004,ccm_0007,per_0066,231913,USD,DUE
calo_0025,cca_0004,ccm_0018,per_0032,10195165,USD,PAID
calo_0026,cca_0004,ccm_0030,cmp_0036,231260,USD,LATE
calo_0027,cca_0004,ccm_0042,cmp_0017,5636137,USD,PAID
calo_0028,cca_0004,ccm_0064,trs_0003,1955983,USD,PAID
calo_0029,cca_0004,ccm_0075,per_0008,16854066,USD,PAID
calo_0030,cca_0004,ccm_0123,per_0077,21374548,USD,PAID
calo_0031,cca_0004,ccm_0143,per_0011,16093568,USD,PAID
calo_0032,cca_0005,ccm_0006,per_0019,1193834,USD,PAID
calo_0033,cca_0005,ccm_0007,per_0066,153361,USD,PAID
calo_0034,cca_0005,ccm_0024,per_0030,21875679,USD,DUE
calo_0035,cca_0005,ccm_0042,cmp_0017,4564196,USD,PAID
calo_0036,cca_0005,ccm_0057,per_0012,10469325,USD,LATE
calo_0037,cca_0005,ccm_0064,trs_0003,1258776,USD,PAID
calo_0038,cca_0005,ccm_0065,per_0053,305133,USD,PAID
calo_0039,cca_0005,ccm_0068,cmp_0005,175749,USD,PAID
calo_0040,cca_0005,ccm_0075,per_0008,15476657,USD,DUE
calo_0041,cca_0005,ccm_0081,cmp_0025,22522920,USD,PAID
calo_0042,cca_0005,ccm_0124,trs_0002,235075,USD,PAID
calo_0043,cca_0005,ccm_0147,cmp_0019,3877930,USD,PAID
calo_0044,cca_0006,ccm_0007,per_0066,201016,USD,DUE
calo_0045,cca_0006,ccm_0018,per_0032,7756640,USD,PAID
calo_0046,cca_0006,ccm_0024,per_0030,6665819,USD,PAID
calo_0047,cca_0006,ccm_0042,cmp_0017,5528370,USD,PAID
calo_0048,cca_0006,ccm_0045,cmp_0036,8861115,USD,PAID
calo_0049,cca_0006,ccm_0057,per_0012,5619089,USD,PAID
calo_0050,cca_0006,ccm_0064,trs_0003,2231092,USD,PAID
calo_0051,cca_0006,ccm_0081,cmp_0025,24446216,USD,DUE
calo_0052,cca_0006,ccm_0123,per_0077,29858700,USD,PAID
calo_0053,cca_0006,ccm_0124,trs_0002,225434,USD,PAID
calo_0054,cca_0006,ccm_0126,per_0028,11380029,USD,PAID
calo_0055,cca_0006,ccm_0147,cmp_0019,1324467,USD,PAID
calo_0056,cca_0007,ccm_0006,per_0019,5853577,USD,PAID
calo_0057,cca_0007,ccm_0018,per_0032,6692333,USD,LATE
calo_0058,cca_0007,ccm_0042,cmp_0017,1491729,USD,PAID
calo_0059,cca_0007,ccm_0081,cmp_0025,28074042,USD,DUE
calo_0060,cca_0007,ccm_0124,trs_0002,239055,USD,PAID
calo_0061,cca_0007,ccm_0126,per_0028,24032640,USD,DUE
calo_0062,cca_0007,ccm_0143,per_0011,11707392,USD,PAID
calo_0063,cca_0007,ccm_0147,cmp_0019,2047055,USD,LATE
calo_0064,cca_0008,ccm_0031,per_0006,13234764,USD,PAID
calo_0065,cca_0008,ccm_0048,trs_0001,196066,USD,PAID
calo_0066,cca_0008,ccm_0050,per_0078,180393,USD,DUE
calo_0067,cca_0008,ccm_0067,cmp_0036,1877666,USD,PAID
calo_0068,cca_0008,ccm_0071,cmp_0024,1334503,USD,PAID
calo_0069,cca_0008,ccm_0082,per_0068,13876449,USD,LATE
calo_0070,cca_0008,ccm_0090,per_0068,136247,USD,LATE
calo_0071,cca_0008,ccm_0104,per_0011,8246321,USD,PAID
calo_0072,cca_0008,ccm_0105,per_0089,2629309,USD,DUE
calo_0073,cca_0008,ccm_0140,per_0038,244250,USD,PAID
calo_0074,cca_0008,ccm_0141,per_0070,146787,USD,PAID
calo_0075,cca_0008,ccm_0146,per_0070,1129245,USD,PAID
calo_0076,cca_0009,ccm_0022,per_0018,6172095,USD,PAID
calo_0077,cca_0009,ccm_0029,per_0069,11069884,USD,PAID
calo_0078,cca_0009,ccm_0031,per_0006,26337036,USD,PAID
calo_0079,cca_0009,ccm_0050,per_0078,180964,USD,PAID
calo_0080,cca_0009,ccm_0067,cmp_0036,3419738,USD,DUE
calo_0081,cca_0009,ccm_0071,cmp_0024,1508997,USD,LATE
calo_0082,cca_0009,ccm_0082,per_0068,35340280,USD,PAID
calo_0083,cca_0009,ccm_0095,per_0045,5293455,USD,PAID
calo_0084,cca_0009,ccm_0104,per_0011,11743080,USD,PAID
calo_0085,cca_0009,ccm_0117,per_0010,7475498,USD,PAID
calo_0086,cca_0009,ccm_0135,per_0058,29434321,USD,PAID
calo_0087,cca_0009,ccm_0140,per_0038,109003,USD,PAID
calo_0088,cca_0009,ccm_0141,per_0070,142951,USD,DUE
calo_0089,cca_0010,ccm_0022,per_0018,13110524,USD,PAID
calo_0090,cca_0010,ccm_0027,cmp_0026,9342279,USD,PAID
calo_0091,cca_0010,ccm_0029,per_0069,15578199,USD,PAID
calo_0092,cca_0010,ccm_0031,per_0006,35465822,USD,PAID
calo_0093,cca_0010,ccm_0048,trs_0001,54160,USD,PAID
calo_0094,cca_0010,ccm_0067,cmp_0036,1529122,USD,PAID
calo_0095,cca_0010,ccm_0071,cmp_0024,2276710,USD,LATE
calo_0096,cca_0010,ccm_0074,per_0031,1553848,USD,PAID
calo_0097,cca_0010,ccm_0082,per_0068,7699375,USD,PAID
calo_0098,cca_0010,ccm_0086,per_0074,740691,USD,PAID
calo_0099,cca_0010,ccm_0090,per_0068,239266,USD,PAID
calo_0100,cca_0010,ccm_0105,per_0089,3568153,USD,DUE
calo_0101,cca_0010,ccm_0117,per_0010,8625709,USD,PAID
calo_0102,cca_0010,ccm_0135,per_0058,19682683,USD,PAID
calo_0103,cca_0010,ccm_0141,per_0070,40823,USD,LATE
calo_0104,cca_0010,ccm_0146,per_0070,1143801,USD,PAID
calo_0105,cca_0011,ccm_0022,per_0018,6058142,USD,LATE
calo_0106,cca_0011,ccm_0029,per_0069,22987895,USD,PAID
calo_0107,cca_0011,ccm_0031,per_0006,24060299,USD,DUE
calo_0108,cca_0011,ccm_0050,per_0078,95261,USD,DUE
calo_0109,cca_0011,ccm_0063,cmp_0011,1295448,USD,PAID
calo_0110,cca_0011,ccm_0067,cmp_0036,3438796,USD,PAID
calo_0111,cca_0011,ccm_0071,cmp_0024,2068720,USD,DUE
calo_0112,cca_0011,ccm_0082,per_0068,25954600,USD,PAID
calo_0113,cca_0011,ccm_0086,per_0074,995144,USD,PAID
calo_0114,cca_0011,ccm_0090,per_0068,204324,USD,PAID
calo_0115,cca_0011,ccm_0117,per_0010,3488918,USD,PAID
calo_0116,cca_0011,ccm_0135,per_0058,31312473,USD,PAID
calo_0117,cca_0011,ccm_0140,per_0038,180828,USD,PAID
calo_0118,cca_0011,ccm_0141,per_0070,134392,USD,PAID
calo_0119,cca_0012,ccm_0027,cmp_0026,8848391,USD,PAID
calo_0120,cca_0012,ccm_0031,per_0006,25368536,USD,PAID
calo_0121,cca_0012,ccm_0048,trs_0001,40910,USD,PAID
calo_0122,cca_0012,ccm_0067,cmp_0036,5225371,USD,PAID
calo_0123,cca_0012,ccm_0078,per_0038,4501848,USD,DUE
calo_0124,cca_0012,ccm_0095,per_0045,7168169,USD,DUE
calo_0125,cca_0012,ccm_0104,per_0011,10101439,USD,PAID
calo_0126,cca_0012,ccm_0116,per_0076,227942,USD,LATE
calo_0127,cca_0012,ccm_0135,per_0058,10907478,USD,DUE
calo_0128,cca_0012,ccm_0141,per_0070,95356,USD,PAID
calo_0129,cca_0012,ccm_0146,per_0070,876388,USD,PAID
calo_0130,cca_0013,ccm_0022,per_0018,4467033,USD,PAID
calo_0131,cca_0013,ccm_0050,per_0078,88988,USD,LATE
calo_0132,cca_0013,ccm_0067,cmp_0036,5356120,USD,DUE
calo_0133,cca_0013,ccm_0071,cmp_0024,521624,USD,PAID
calo_0134,cca_0013,ccm_0074,per_0031,4336653,USD,DUE
calo_0135,cca_0013,ccm_0078,per_0038,2657318,USD,PAID
calo_0136,cca_0013,ccm_0090,per_0068,92993,USD,PAID
calo_0137,cca_0013,ccm_0104,per_0011,15177089,USD,PAID
calo_0138,cca_0013,ccm_0116,per_0076,217005,USD,PAID
calo_0139,cca_0013,ccm_0135,per_0058,14415917,USD,PAID
calo_0140,cca_0013,ccm_0140,per_0038,180519,USD,PAID
calo_0141,cca_0013,ccm_0146,per_0070,1082376,USD,PAID
calo_0142,cca_0014,ccm_0027,cmp_0026,9745217,USD,LATE
calo_0143,cca_0014,ccm_0031,per_0006,33457842,USD,DUE
calo_0144,cca_0014,ccm_0048,trs_0001,234844,USD,DUE
calo_0145,cca_0014,ccm_0071,cmp_0024,1463945,USD,PAID
calo_0146,cca_0014,ccm_0090,per_0068,125162,USD,PAID
calo_0147,cca_0014,ccm_0095,per_0045,4992436,USD,PAID
calo_0148,cca_0014,ccm_0104,per_0011,11056563,USD,PAID
calo_0149,cca_0014,ccm_0116,per_0076,172344,USD,PAID
calo_0150,cca_0014,ccm_0135,per_0058,30115104,USD,LATE
calo_0151,cca_0014,ccm_0146,per_0070,1024104,USD,DUE
calo_0152,cca_0015,ccm_0005,per_0044,10726343,USD,DUE
calo_0153,cca_0015,ccm_0009,per_0017,4696185,USD,PAID
calo_0154,cca_0015,ccm_0010,per_0074,2585618,USD,PAID
calo_0155,cca_0015,ccm_0013,cmp_0034,11250777,USD,DUE
calo_0156,cca_0015,ccm_0098,per_0053,2018032,USD,PAID
calo_0157,cca_0015,ccm_0100,cmp_0001,10677934,USD,PAID
calo_0158,cca_0015,ccm_0111,trs_0003,5437412,USD,PAID
calo_0159,cca_0015,ccm_0113,trs_0001,171221,USD,PAID
calo_0160,cca_0015,ccm_0114,per_0043,283393,USD,DUE
calo_0161,cca_0015,ccm_0125,cmp_0023,154964,USD,LATE
calo_0162,cca_0015,ccm_0131,per_0070,17553803,USD,PAID
calo_0163,cca_0015,ccm_0142,per_0019,1100791,USD,LATE
calo_0164,cca_0015,ccm_0148,cmp_0010,3761300,USD,PAID
calo_0165,cca_0016,ccm_0004,per_0090,410349,USD,PAID
calo_0166,cca_0016,ccm_0010,per_0074,5419211,USD,LATE
calo_0167,cca_0016,ccm_0034,cmp_0021,416308,USD,DUE
calo_0168,cca_0016,ccm_0098,per_0053,1003060,USD,PAID
calo_0169,cca_0016,ccm_0113,trs_0001,78915,USD,PAID
calo_0170,cca_0016,ccm_0114,per_0043,420986,USD,LATE
calo_0171,cca_0016,ccm_0125,cmp_0023,62677,USD,PAID
calo_0172,cca_0016,ccm_0131,per_0070,9397825,USD,PAID
calo_0173,cca_0016,ccm_0138,per_0072,431452,USD,PAID
calo_0174,cca_0016,ccm_0144,per_0066,315961,USD,PAID
calo_0175,cca_0016,ccm_0148,cmp_0010,2410225,USD,PAID
calo_0176,cca_0017,ccm_0005,per_0044,11890465,USD,PAID
calo_0177,cca_0017,ccm_0034,cmp_0021,193299,USD,PAID
calo_0178,cca_0017,ccm_0098,per_0053,1816508,USD,PAID
calo_0179,cca_0017,ccm_0100,cmp_0001,24158045,USD,PAID
calo_0180,cca_0017,ccm_0106,trs_0005,194067,USD,PAID
calo_0181,cca_0017,ccm_0114,per_0043,547943,USD,DUE
calo_0182,cca_0017,ccm_0142,per_0019,1392217,USD,PAID
calo_0183,cca_0017,ccm_0148,cmp_0010,4603568,USD,DUE
calo_0184,cca_0018,ccm_0009,per_0017,1522534,USD,PAID
calo_0185,cca_0018,ccm_0010,per_0074,1900910,USD,LATE
calo_0186,cca_0018,ccm_0013,cmp_0034,2125066,USD,PAID
calo_0187,cca_0018,ccm_0044,per_0008,3758802,USD,PAID
calo_0188,cca_0018,ccm_0098,per_0053,1464875,USD,PAID
calo_0189,cca_0018,ccm_0100,cmp_0001,14514146,USD,DUE
calo_0190,cca_0018,ccm_0106,trs_0005,201690,USD,PAID
calo_0191,cca_0018,ccm_0111,trs_0003,13429742,USD,DUE
calo_0192,cca_0018,ccm_0114,per_0043,375300,USD,PAID
calo_0193,cca_0018,ccm_0144,per_0066,255959,USD,PAID
calo_0194,cca_0018,ccm_0148,cmp_0010,2204917,USD,PAID
calo_0195,cca_0019,ccm_0004,per_0090,472175,USD,PAID
calo_0196,cca_0019,ccm_0005,per_0044,8555476,USD,PAID
calo_0197,cca_0019,ccm_0009,per_0017,4565410,USD,PAID
calo_0198,cca_0019,ccm_0034,cmp_0021,383586,USD,LATE
calo_0199,cca_0019,ccm_0044,per_0008,9925388,USD,PAID
calo_0200,cca_0019,ccm_0098,per_0053,1405449,USD,DUE
calo_0201,cca_0019,ccm_0100,cmp_0001,21715478,USD,PAID
calo_0202,cca_0019,ccm_0111,trs_0003,16320457,USD,DUE
calo_0203,cca_0019,ccm_0113,trs_0001,139739,USD,PAID
calo_0204,cca_0019,ccm_0114,per_0043,435284,USD,PAID
calo_0205,cca_0019,ccm_0131,per_0070,6366264,USD,DUE
calo_0206,cca_0019,ccm_0138,per_0072,562777,USD,PAID
calo_0207,cca_0019,ccm_0144,per_0066,389360,USD,PAID
calo_0208,cca_0019,ccm_0148,cmp_0010,3869211,USD,PAID
calo_0209,cca_0020,ccm_0004,per_0090,278851,USD,PAID
calo_0210,cca_0020,ccm_0005,per_0044,4143472,USD,DUE
calo_0211,cca_0020,ccm_0010,per_0074,4038271,USD,PAID
calo_0212,cca_0020,ccm_0013,cmp_0034,5241636,USD,PAID
calo_0213,cca_0020,ccm_0044,per_0008,6991733,USD,PAID
calo_0214,cca_0020,ccm_0098,per_0053,2213253,USD,PAID
calo_0215,cca_0020,ccm_0100,cmp_0001,34039494,USD,DUE
calo_0216,cca_0020,ccm_0111,trs_0003,16803507,USD,PAID
calo_0217,cca_0020,ccm_0114,per_0043,116489,USD,PAID
calo_0218,cca_0020,ccm_0125,cmp_0023,151635,USD,PAID
calo_0219,cca_0020,ccm_0131,per_0070,8193507,USD,PAID
calo_0220,cca_0020,ccm_0142,per_0019,414579,USD,PAID
calo_0221,cca_0020,ccm_0144,per_0066,584002,USD,PAID
calo_0222,cca_0020,ccm_0148,cmp_0010,1655028,USD,PAID
calo_0223,cca_0021,ccm_0005,per_0044,16057597,USD,PAID
calo_0224,cca_0021,ccm_0010,per_0074,3798917,USD,PAID
calo_0225,cca_0021,ccm_0013,cmp_0034,6644477,USD,PAID
calo_0226,cca_0021,ccm_0044,per_0008,7072296,USD,DUE
calo_0227,cca_0021,ccm_0106,trs_0005,172628,USD,DUE
calo_0228,cca_0021,ccm_0113,trs_0001,151225,USD,PAID
calo_0229,cca_0021,ccm_0114,per_0043,577403,USD,PAID
calo_0230,cca_0021,ccm_0125,cmp_0023,227513,USD,PAID
calo_0231,cca_0021,ccm_0144,per_0066,187284,USD,PAID
calo_0232,cca_0021,ccm_0148,cmp_0010,5107132,USD,PAID
calo_0233,cca_0022,ccm_0010,per_0074,5277835,USD,PAID
calo_0234,cca_0022,ccm_0044,per_0008,4232470,USD,PAID
calo_0235,cca_0022,ccm_0100,cmp_0001,9415598,USD,PAID
calo_0236,cca_0022,ccm_0106,trs_0005,120896,USD,PAID
calo_0237,cca_0022,ccm_0113,trs_0001,131030,USD,PAID
calo_0238,cca_0022,ccm_0131,per_0070,14909659,USD,LATE
calo_0239,cca_0022,ccm_0138,per_0072,1037277,USD,PAID
calo_0240,cca_0022,ccm_0142,per_0019,1162041,USD,PAID
calo_0241,cca_0022,ccm_0144,per_0066,461433,USD,DUE
calo_0242,cca_0023,ccm_0008,per_0048,1127379,USD,PAID
calo_0243,cca_0023,ccm_0047,per_0067,6053875,USD,LATE
calo_0244,cca_0023,ccm_0053,per_0088,125896,USD,PAID
calo_0245,cca_0023,ccm_0077,cmp_0010,11809213,USD,DUE
calo_0246,cca_0023,ccm_0093,cmp_0006,3816166,USD,DUE
calo_0247,cca_0023,ccm_0107,per_0081,31675578,USD,PAID
calo_0248,cca_0023,ccm_0120,trs_0006,1589744,USD,DUE
calo_0249,cca_0023,ccm_0133,cmp_0007,452668,USD,PAID
calo_0250,cca_0024,ccm_0008,per_0048,3027147,USD,DUE
calo_0251,cca_0024,ccm_0047,per_0067,13548293,USD,DUE
calo_0252,cca_0024,ccm_0053,per_0088,203015,USD,LATE
calo_0253,cca_0024,ccm_0060,cmp_0005,2129572,USD,PAID
calo_0254,cca_0024,ccm_0077,cmp_0010,12615539,USD,DUE
calo_0255,cca_0024,ccm_0093,cmp_0006,11919082,USD,PAID
calo_0256,cca_0024,ccm_0120,trs_0006,408117,USD,PAID
calo_0257,cca_0025,ccm_0047,per_0067,4137912,USD,DUE
calo_0258,cca_0025,ccm_0077,cmp_0010,13091353,USD,PAID
calo_0259,cca_0025,ccm_0119,per_0066,17570807,USD,DUE
calo_0260,cca_0025,ccm_0120,trs_0006,1175215,USD,PAID
calo_0261,cca_0025,ccm_0133,cmp_0007,521459,USD,PAID
calo_0262,cca_0026,ccm_0008,per_0048,1512613,USD,DUE
calo_0263,cca_0026,ccm_0047,per_0067,15617695,USD,PAID
calo_0264,cca_0026,ccm_0060,cmp_0005,6469500,USD,DUE
calo_0265,cca_0026,ccm_0077,cmp_0010,5386348,USD,PAID
calo_0266,cca_0026,ccm_0093,cmp_0006,17339357,USD,PAID
calo_0267,cca_0026,ccm_0107,per_0081,27167894,USD,PAID
calo_0268,cca_0026,ccm_0120,trs_0006,846019,USD,PAID
calo_0269,cca_0027,ccm_0008,per_0048,1471297,USD,PAID
calo_0270,cca_0027,ccm_0047,per_0067,11019274,USD,PAID
calo_0271,cca_0027,ccm_0053,per_0088,102721,USD,PAID
calo_0272,cca_0027,ccm_0060,cmp_0005,2642568,USD,PAID
calo_0273,cca_0027,ccm_0070,per_0033,9626000,USD,DUE
calo_0274,cca_0027,ccm_0093,cmp_0006,7406299,USD,DUE
calo_0275,cca_0027,ccm_0107,per_0081,23023651,USD,DUE
calo_0276,cca_0027,ccm_0120,trs_0006,2013117,USD,PAID
calo_0277,cca_0027,ccm_0133,cmp_0007,165659,USD,PAID
calo_0278,cca_0028,ccm_0008,per_0048,4332928,USD,DUE
calo_0279,cca_0028,ccm_0047,per_0067,16538076,USD,LATE
calo_0280,cca_0028,ccm_0053,per_0088,46946,USD,PAID
calo_0281,cca_0028,ccm_0070,per_0033,8522222,USD,PAID
calo_0282,cca_0028,ccm_0077,cmp_0010,17979299,USD,PAID
calo_0283,cca_0029,ccm_0008,per_0048,1735167,USD,PAID
calo_0284,cca_0029,ccm_0047,per_0067,10160948,USD,PAID
calo_0285,cca_0029,ccm_0053,per_0088,70070,USD,PAID
calo_0286,cca_0029,ccm_0070,per_0033,17116407,USD,DUE
calo_0287,cca_0029,ccm_0077,cmp_0010,6575654,USD,PAID
calo_0288,cca_0029,ccm_0093,cmp_0006,9194463,USD,DUE
calo_0289,cca_0029,ccm_0119,per_0066,4944832,USD,PAID
calo_0290,cca_0029,ccm_0120,trs_0006,2258256,USD,PAID
calo_0291,cca_0029,ccm_0133,cmp_0007,421439,USD,PAID
calo_0292,cca_0030,ccm_0008,per_0048,5314195,USD,PAID
calo_0293,cca_0030,ccm_0053,per_0088,88365,USD,PAID
calo_0294,cca_0030,ccm_0093,cmp_0006,15282220,USD,DUE
calo_0295,cca_0030,ccm_0107,per_0081,33464834,USD,PAID
calo_0296,cca_0030,ccm_0119,per_0066,7962042,USD,PAID
calo_0297,cca_0030,ccm_0120,trs_0006,2103220,USD,PAID
calo_0298,cca_0031,ccm_0016,per_0058,475893,USD,DUE
calo_0299,cca_0031,ccm_0033,per_0010,23039556,USD,PAID
calo_0300,cca_0031,ccm_0055,per_0090,3295040,USD,PAID
calo_0301,cca_0031,ccm_0059,per_0050,16028365,USD,DUE
calo_0302,cca_0031,ccm_0061,cmp_0001,1397186,USD,PAID
calo_0303,cca_0031,ccm_0080,per_0005,11434419,USD,PAID
calo_0304,cca_0031,ccm_0085,per_0079,14531400,USD,PAID
calo_0305,cca_0031,ccm_0091,per_0038,336489,USD,DUE
calo_0306,cca_0031,ccm_0094,cmp_0023,567503,USD,PAID
calo_0307,cca_0031,ccm_0097,per_0084,2174317,USD,PAID
calo_0308,cca_0031,ccm_0112,trs_0004,30629722,USD,PAID
calo_0309,cca_0032,ccm_0033,per_0010,31892841,USD,PAID
calo_0310,cca_0032,ccm_0052,cmp_0037,504721,USD,PAID
calo_0311,cca_0032,ccm_0055,per_0090,2668942,USD,PAID
calo_0312,cca_0032,ccm_0061,cmp_0001,1676492,USD,PAID
calo_0313,cca_0032,ccm_0085,per_0079,9613559,USD,LATE
calo_0314,cca_0032,ccm_0091,per_0038,293487,USD,PAID
calo_0315,cca_0032,ccm_0094,cmp_0023,156023,USD,PAID
calo_0316,cca_0032,ccm_0101,trs_0008,22206997,USD,PAID
calo_0317,cca_0032,ccm_0115,per_0065,1161137,USD,DUE
calo_0318,cca_0032,ccm_0128,per_0078,2197058,USD,PAID
calo_0319,cca_0033,ccm_0014,cmp_0018,222222,USD,DUE
calo_0320,cca_0033,ccm_0016,per_0058,410315,USD,PAID
calo_0321,cca_0033,ccm_0038,per_0059,129627,USD,PAID
calo_0322,cca_0033,ccm_0052,cmp_0037,378754,USD,LATE
calo_0323,cca_0033,ccm_0055,per_0090,5156573,USD,PAID
calo_0324,cca_0033,ccm_0091,per_0038,461560,USD,PAID
calo_0325,cca_0033,ccm_0094,cmp_0023,341032,USD,DUE
calo_0326,cca_0033,ccm_0101,trs_0008,15155526,USD,PAID
calo_0327,cca_0033,ccm_0112,trs_0004,28819959,USD,PAID
calo_0328,cca_0033,ccm_0115,per_0065,986239,USD,DUE
calo_0329,cca_0033,ccm_0137,trs_0005,2959665,USD,DUE
calo_0330,cca_0034,ccm_0014,cmp_0018,559134,USD,PAID
calo_0331,cca_0034,ccm_0016,per_0058,580369,USD,PAID
calo_0332,cca_0034,ccm_0038,per_0059,390132,USD,PAID
calo_0333,cca_0034,ccm_0052,cmp_0037,467312,USD,PAID
calo_0334,cca_0034,ccm_0054,per_0016,2395804,USD,PAID
calo_0335,cca_0034,ccm_0059,per_0050,16637753,USD,LATE
calo_0336,cca_0034,ccm_0061,cmp_0001,1350123,USD,PAID
calo_0337,cca_0034,ccm_0094,cmp_0023,587044,USD,PAID
calo_0338,cca_0034,ccm_0097,per_0084,1736733,USD,PAID
calo_0339,cca_0034,ccm_0128,per_0078,1700793,USD,PAID
calo_0340,cca_0034,ccm_0137,trs_0005,4665154,USD,PAID
calo_0341,cca_0035,ccm_0016,per_0058,357852,USD,PAID
calo_0342,cca_0035,ccm_0033,per_0010,25034763,USD,DUE
calo_0343,cca_0035,ccm_0038,per_0059,148932,USD,PAID
calo_0344,cca_0035,ccm_0052,cmp_0037,551448,USD,LATE
calo_0345,cca_0035,ccm_0055,per_0090,4836395,USD,PAID
calo_0346,cca_0035,ccm_0080,per_0005,10119058,USD,DUE
calo_0347,cca_0035,ccm_0094,cmp_0023,520880,USD,PAID
calo_0348,cca_0035,ccm_0097,per_0084,1084137,USD,PAID
calo_0349,cca_0035,ccm_0101,trs_0008,14050215,USD,PAID
calo_0350,cca_0035,ccm_0115,per_0065,947053,USD,DUE
calo_0351,cca_0035,ccm_0128,per_0078,531901,USD,PAID
calo_0352,cca_0035,ccm_0137,trs_0005,2150628,USD,PAID
calo_0353,cca_0036,ccm_0001,per_0047,13392554,USD,PAID
calo_0354,cca_0036,ccm_0015,per_0005,14255781,USD,PAID
calo_0355,cca_0036,ccm_0017,per_0006,418354,USD,LATE
calo_0356,cca_0036,ccm_0020,per_0017,265171,USD,PAID
calo_0357,cca_0036,ccm_0073,per_0008,3466492,USD,PAID
calo_0358,cca_0036,ccm_0076,per_0022,14158574,USD,PAID
calo_0359,cca_0036,ccm_0087,per_0084,11833830,USD,LATE
calo_0360,cca_0036,ccm_0096,per_0085,259688,USD,PAID
calo_0361,cca_0036,ccm_0109,cmp_0016,21898411,USD,PAID
calo_0362,cca_0036,ccm_0121,cmp_0012,11518465,USD,LATE
calo_0363,cca_0036,ccm_0130,per_0081,338145,USD,PAID
calo_0364,cca_0036,ccm_0145,per_0058,1386274,USD,PAID
calo_0365,cca_0037,ccm_0001,per_0047,10454389,USD,PAID
calo_0366,cca_0037,ccm_0020,per_0017,273239,USD,DUE
calo_0367,cca_0037,ccm_0043,per_0018,82011,USD,PAID
calo_0368,cca_0037,ccm_0073,per_0008,12401583,USD,PAID
calo_0369,cca_0037,ccm_0076,per_0022,15064137,USD,DUE
calo_0370,cca_0037,ccm_0079,cmp_0023,22417557,USD,PAID
calo_0371,cca_0037,ccm_0096,per_0085,495794,USD,LATE
calo_0372,cca_0037,ccm_0103,per_0030,14522098,USD,DUE
calo_0373,cca_0037,ccm_0109,cmp_0016,25598669,USD,PAID
calo_0374,cca_0037,ccm_0118,per_0026,12242579,USD,DUE
calo_0375,cca_0038,ccm_0015,per_0005,33972718,USD,PAID
calo_0376,cca_0038,ccm_0035,per_0028,10230238,USD,LATE
calo_0377,cca_0038,ccm_0040,trs_0006,24526030,USD,PAID
calo_0378,cca_0038,ccm_0076,per_0022,15804058,USD,LATE
calo_0379,cca_0038,ccm_0087,per_0084,11276490,USD,PAID
calo_0380,cca_0038,ccm_0110,per_0078,8519972,USD,PAID
calo_0381,cca_0038,ccm_0118,per_0026,12305627,USD,PAID
calo_0382,cca_0038,ccm_0121,cmp_0012,7738461,USD,PAID
calo_0383,cca_0038,ccm_0130,per_0081,140181,USD,LATE
calo_0384,cca_0038,ccm_0134,per_0019,8206515,USD,PAID
calo_0385,cca_0038,ccm_0145,per_0058,1592591,USD,PAID
calo_0386,cca_0039,ccm_0003,per_0033,570145,USD,PAID
calo_0387,cca_0039,ccm_0015,per_0005,6809948,USD,DUE
calo_0388,cca_0039,ccm_0017,per_0006,618818,USD,PAID
calo_0389,cca_0039,ccm_0020,per_0017,453697,USD,DUE
calo_0390,cca_0039,ccm_0040,trs_0006,33894435,USD,DUE
calo_0391,cca_0039,ccm_0076,per_0022,14950185,USD,DUE
calo_0392,cca_0039,ccm_0087,per_0084,11059608,USD,DUE
calo_0393,cca_0039,ccm_0096,per_0085,212362,USD,PAID
calo_0394,cca_0039,ccm_0103,per_0030,13108681,USD,PAID
calo_0395,cca_0039,ccm_0121,cmp_0012,4446834,USD,DUE
calo_0396,cca_0039,ccm_0145,per_0058,1775064,USD,LATE
calo_0397,cca_0040,ccm_0001,per_0047,13186618,USD,PAID
calo_0398,cca_0040,ccm_0015,per_0005,8945211,USD,PAID
calo_0399,cca_0040,ccm_0017,per_0006,378294,USD,DUE
calo_0400,cca_0040,ccm_0035,per_0028,26841266,USD,DUE
calo_0401,cca_0040,ccm_0073,per_0008,4831573,USD,PAID
calo_0402,cca_0040,ccm_0076,per_0022,3316386,USD,PAID
calo_0403,cca_0040,ccm_0079,cmp_0023,18873785,USD,PAID
calo_0404,cca_0040,ccm_0096,per_0085,596576,USD,DUE
calo_0405,cca_0040,ccm_0109,cmp_0016,15171513,USD,DUE
calo_0406,cca_0040,ccm_0118,per_0026,11076790,USD,PAID
calo_0407,cca_0040,ccm_0121,cmp_0012,9048953,USD,PAID
calo_0408,cca_0040,ccm_0130,per_0081,386662,USD,DUE
calo_0409,cca_0040,ccm_0145,per_0058,719672,USD,PAID
calo_0410,cca_0041,ccm_0017,per_0006,1104614,USD,PAID
calo_0411,cca_0041,ccm_0035,per_0028,7967632,USD,DUE
calo_0412,cca_0041,ccm_0073,per_0008,15679588,USD,LATE
calo_0413,cca_0041,ccm_0079,cmp_0023,32007880,USD,PAID
calo_0414,cca_0041,ccm_0087,per_0084,3321117,USD,LATE
calo_0415,cca_0041,ccm_0103,per_0030,12566346,USD,PAID
calo_0416,cca_0041,ccm_0109,cmp_0016,12572016,USD,LATE
calo_0417,cca_0041,ccm_0118,per_0026,17591117,USD,DUE
calo_0418,cca_0041,ccm_0134,per_0019,7859881,USD,PAID
calo_0419,cca_0042,ccm_0011,trs_0003,1000923,USD,PAID
calo_0420,cca_0042,ccm_0036,cmp_0035,2087650,USD,PAID
calo_0421,cca_0042,ccm_0039,per_0011,138059,USD,PAID
calo_0422,cca_0042,ccm_0041,per_0017,950863,USD,PAID
calo_0423,cca_0042,ccm_0056,per_0001,8273212,USD,PAID
calo_0424,cca_0042,ccm_0072,per_0028,2385855,USD,PAID
calo_0425,cca_0042,ccm_0084,per_0053,5025715,USD,DUE
calo_0426,cca_0042,ccm_0092,cmp_0018,105581,USD,PAID
calo_0427,cca_0042,ccm_0122,trs_0011,27513326,USD,PAID
calo_0428,cca_0042,ccm_0136,per_0035,19717963,USD,LATE
calo_0429,cca_0043,ccm_0012,per_0069,296873,USD,DUE
calo_0430,cca_0043,ccm_0021,per_0009,8456935,USD,PAID
calo_0431,cca_0043,ccm_0039,per_0011,61644,USD,DUE
calo_0432,cca_0043,ccm_0041,per_0017,429864,USD,DUE
calo_0433,cca_0043,ccm_0083,per_0040,579305,USD,DUE
calo_0434,cca_0043,ccm_0084,per_0053,5844642,USD,PAID
calo_0435,cca_0043,ccm_0092,cmp_0018,179275,USD,PAID
calo_0436,cca_0043,ccm_0099,per_0084,4459377,USD,PAID
calo_0437,cca_0043,ccm_0122,trs_0011,26026653,USD,LATE
calo_0438,cca_0043,ccm_0149,per_0063,505285,USD,PAID
calo_0439,cca_0044,ccm_0019,per_0089,109475,USD,PAID
calo_0440,cca_0044,ccm_0028,per_0086,1224003,USD,LATE
calo_0441,cca_0044,ccm_0036,cmp_0035,3693401,USD,PAID
calo_0442,cca_0044,ccm_0041,per_0017,1062186,USD,PAID
calo_0443,cca_0044,ccm_0049,per_0085,670462,USD,DUE
calo_0444,cca_0044,ccm_0051,per_0072,133629,USD,PAID
calo_0445,cca_0044,ccm_0056,per_0001,4688992,USD,PAID
calo_0446,cca_0044,ccm_0072,per_0028,582512,USD,PAID
calo_0447,cca_0044,ccm_0083,per_0040,412840,USD,LATE
calo_0448,cca_0044,ccm_0099,per_0084,3917741,USD,PAID
calo_0449,cca_0044,ccm_0122,trs_0011,19321985,USD,DUE
calo_0450,cca_0044,ccm_0127,per_0050,284915,USD,LATE
calo_0451,cca_0044,ccm_0129,per_0020,6493069,USD,PAID
calo_0452,cca_0044,ccm_0136,per_0035,26777696,USD,PAID
