id,name,list_name,id_document,date_of_birth,citizenship,source,match_key
san_0001,Sophia Smith,OFAC,DOC-22245517,1997-01-15,CA,synthetic watchlist,san_0
san_0002,Ethan Sato,OFAC,DOC-36021972,1963-07-01,NL,synthetic watchlist,san_1
san_0003,Rohan Li,UN,DOC-31035505,1955-12-08,IN,synthetic watchlist,san_2
san_0004,Diego Tanaka,UK,DOC-79136660,1961-10-09,NL,synthetic watchlist,san_3
san_0005,Chen Williams,UK,DOC-17155284,2002-01-16,NL,synthetic watchlist,san_4
san_0006,David Moore,EU,DOC-80978559,2000-12-27,SG,synthetic watchlist,san_5
san_0007,Ritika Ghosh,UK,DOC-24176227,1998-03-06,SG,synthetic watchlist,san_6
san_0008,Manish Johnson,OFAC,DOC-37707007,1964-07-09,SG,synthetic watchlist,san_7
san_0009,Mei Reddy,UK,DOC-95829314,1962-01-24,NL,synthetic watchlist,san_8
san_0010,Camila Davis,UN,DOC-61894462,1986-10-10,SG,synthetic watchlist,san_9
san_0011,Nikhil Kapoor,EU,DOC-17814691,1962-11-01,LU,synthetic watchlist,san_10
san_0012,Rohan Sato,EU,DOC-56326692,2001-01-26,CA,synthetic watchlist,san_11
san_0013,Layla Desai,UK,DOC-48888945,2004-08-13,FR,synthetic watchlist,san_12
san_0014,Daniel Jackson,UK,DOC-85879810,1974-07-06,US,synthetic watchlist,san_13
san_0015,Sneha Chen,OFAC,DOC-67049270,2003-06-09,GB,synthetic watchlist,san_14
san_0016,Meera Tanaka,UK,DOC-25999186,1961-11-12,GB,synthetic watchlist,san_15
san_0017,Karan Verma,OFAC,DOC-98059694,2001-06-02,IN,synthetic watchlist,san_16
san_0018,Diego Sato,UK,DOC-31104691,1993-11-30,MU,synthetic watchlist,san_17
san_0019,Pooja Reddy,UK,DOC-34968219,1992-03-05,SG,synthetic watchlist,san_18
san_0020,Priya Miller,OFAC,DOC-13319835,1977-01-06,GB,synthetic watchlist,san_19
san_0021,Omar Chatterjee,UK,DOC-40363056,1978-10-25,SG,synthetic watchlist,san_20
san_0022,Pooja Gupta,EU,DOC-38625622,2004-08-30,MU,synthetic watchlist,san_21
san_0023,Sofia Tanaka,OFAC,DOC-85078946,1972-12-21,FR,synthetic watchlist,san_22
san_0024,Daniel Wang,EU,DOC-63181781,1985-10-03,LU,synthetic watchlist,san_23
san_0025,Raj Joshi,EU,DOC-19319654,1985-02-17,IN,synthetic watchlist,san_24
san_0026,Kabir Bhatia,EU,DOC-10056227,2007-07-12,CA,synthetic watchlist,san_25
san_0027,John Wang,UN,DOC-64552918,2001-02-04,JP,synthetic watchlist,san_26
san_0028,Ahmed Wilson,UK,DOC-51273585,1985-03-07,SG,synthetic watchlist,san_27
san_0029,Naina Banerjee,UN,DOC-72742170,2007-03-09,SG,synthetic watchlist,san_28
san_0030,Mira Williams,EU,DOC-89966075,1997-05-07,AE,synthetic watchlist,san_29
san_0031,Priya Bhatia,UK,DOC-46914642,2000-03-03,US,synthetic watchlist,san_30
san_0032,Raj Chopra,UK,DOC-15080934,1996-10-24,GB,synthetic watchlist,san_31
san_0033,Fatima Bhatia,UN,DOC-37581184,1978-10-14,US,synthetic watchlist,san_32
san_0034,Ahmed Wang,EU,DOC-43117531,1977-02-13,LU,synthetic watchlist,san_33
san_0035,Diya Desai,UK,DOC-32266031,1979-07-17,GB,synthetic watchlist,san_34
san_0036,Tara Sharma,UK,DOC-77557685,1956-10-22,JP,synthetic watchlist,san_35
san_0037,Olivia Reddy,UN,DOC-44380129,1963-07-25,CA,synthetic watchlist,san_36
san_0038,Ananya Verma,UK,DOC-37159811,1994-04-17,IN,synthetic watchlist,san_37
san_0039,Nikhil Chopra,EU,DOC-41554065,2001-04-10,FR,synthetic watchlist,san_38
san_0040,Pooja Miller,UN,DOC-64220256,1998-09-29,IN,synthetic watchlist,san_39
san_0041,Siddharth Ghosh,UK,DOC-60733391,1984-01-28,US,synthetic watchlist,san_40
san_0042,Kabir Anderson,OFAC,DOC-45133475,1994-05-21,DE,synthetic watchlist,san_41
san_0043,Anika Chen,UK,DOC-93734354,1963-10-01,AE,synthetic watchlist,san_42
san_0044,Lakshmi Sharma,EU,DOC-34293175,1956-04-08,JP,synthetic watchlist,san_43
san_0045,David Sharma,UN,DOC-69601383,1993-11-19,IN,synthetic watchlist,san_44
san_0046,Yash Iyer,EU,DOC-88071040,1976-11-10,FR,synthetic watchlist,san_45
san_0047,Sofia Garcia,UN,DOC-21892234,1964-09-08,AE,synthetic watchlist,san_46
san_0048,Aisha Das,UN,DOC-14356815,1992-11-09,AE,synthetic watchlist,san_47
san_0049,Priya Tanaka,UN,DOC-14592477,1980-03-24,US,synthetic watchlist,san_48
san_0050,Reyansh Brown,EU,DOC-36467247,1957-10-31,DE,synthetic watchlist,san_49
san_0051,Aarav Ali,OFAC,DOC-91986294,2005-10-02,SG,synthetic watchlist,san_50
san_0052,Hiro Garcia,UN,DOC-51449334,1991-07-17,IN,synthetic watchlist,san_51
san_0053,Tara Ghosh,UK,DOC-68338371,2003-10-30,LU,synthetic watchlist,san_52
san_0054,Varun Jackson,UK,DOC-96997973,1961-09-14,CA,synthetic watchlist,san_53
san_0055,Kavya Iyer,EU,DOC-28589553,1974-05-22,SG,synthetic watchlist,san_54
san_0056,Karan Chopra,UK,DOC-62101433,1967-10-21,GB,synthetic watchlist,san_55
san_0057,David Desai,OFAC,DOC-18112685,2000-06-16,MU,synthetic watchlist,san_56
san_0058,Ananya Chatterjee,EU,DOC-17506309,1988-12-22,SG,synthetic watchlist,san_57
san_0059,Layla White,OFAC,DOC-67244793,1973-06-19,IN,synthetic watchlist,san_58
san_0060,Camila Garcia,EU,DOC-61425587,1995-01-08,SG,synthetic watchlist,san_59
san_0061,Lucas Miller,UK,DOC-91709202,2007-07-05,NL,synthetic watchlist,san_60
san_0062,Chen Agarwal,EU,DOC-41882218,1974-09-26,JP,synthetic watchlist,san_61
san_0063,Priya Mehta,EU,DOC-74642673,1997-05-23,SG,synthetic watchlist,san_62
san_0064,Dev Chopra,UN,DOC-69923361,1962-03-26,CA,synthetic watchlist,san_63
san_0065,Yash Das,OFAC,DOC-91128332,1971-10-17,LU,synthetic watchlist,san_64
san_0066,Kavya Sato,UK,DOC-35966260,1957-03-30,FR,synthetic watchlist,san_65
san_0067,Varun Williams,UK,DOC-38910839,1963-06-08,FR,synthetic watchlist,san_66
san_0068,Yuki Nair,OFAC,DOC-44462741,1991-01-10,MU,synthetic watchlist,san_67
san_0069,Aarav Sharma,UN,DOC-73128436,1966-10-24,MU,synthetic watchlist,san_68
san_0070,Kavya Reddy,UN,DOC-33541642,1989-04-26,IN,synthetic watchlist,san_69
san_0071,Michael Banerjee,UN,DOC-24464619,1985-11-15,CA,synthetic watchlist,san_70
san_0072,Manish Jackson,EU,DOC-68883304,1993-08-07,CA,synthetic watchlist,san_71
san_0073,Ishaan Anderson,UN,DOC-99838005,1981-10-07,FR,synthetic watchlist,san_72
san_0074,Vihaan Thomas,UN,DOC-70579445,1988-08-03,JP,synthetic watchlist,san_73
san_0075,Layla Khan,EU,DOC-38733171,2009-12-25,IN,synthetic watchlist,san_74
san_0076,Fatima Davis,UN,DOC-63287426,1989-03-18,GB,synthetic watchlist,san_75
san_0077,Raj Kumar,UN,DOC-42919599,1983-10-26,DE,synthetic watchlist,san_76
san_0078,Vihaan Jackson,UN,DOC-73426051,2001-11-30,CA,synthetic watchlist,san_77
san_0079,Hiro Davis,EU,DOC-93132712,1994-04-13,IN,synthetic watchlist,san_78
san_0080,Lakshmi Chatterjee,OFAC,DOC-40240415,2003-01-19,LU,synthetic watchlist,san_79
san_0081,Olivia Chen,UN,DOC-79625285,1963-10-13,SG,synthetic watchlist,san_80
san_0082,Zhang Ali,UK,DOC-31465617,1970-05-04,IN,synthetic watchlist,san_81
san_0083,Karan Martinez,UK,DOC-77069441,1975-04-13,NL,synthetic watchlist,san_82
san_0084,Meera Sato,OFAC,DOC-53789586,1979-04-07,LU,synthetic watchlist,san_83
san_0085,Emily Banerjee,UN,DOC-24519884,1970-04-13,SG,synthetic watchlist,san_84
san_0086,Sofia Smith,UK,DOC-46206750,1961-02-26,US,synthetic watchlist,san_85
san_0087,Zhang Martinez,UK,DOC-31698125,1977-03-19,AE,synthetic watchlist,san_86
san_0088,Sarah Chopra,UK,DOC-34838068,1957-01-12,SG,synthetic watchlist,san_87
san_0089,Ananya Moore,UN,DOC-14606009,1974-12-26,NL,synthetic watchlist,san_88
san_0090,Ishaan Sharma,UK,DOC-90419052,1983-04-27,FR,synthetic watchlist,san_89
san_0091,Mira Smith,EU,DOC-18008800,1982-03-04,DE,synthetic watchlist,san_90
san_0092,Ritika Wilson,UK,DOC-78307526,1985-08-30,LU,synthetic watchlist,san_91
san_0093,Yash Das,UK,DOC-26724892,1978-05-20,SG,synthetic watchlist,san_92
san_0094,Ishaan Wilson,UK,DOC-21834634,1957-01-27,IN,synthetic watchlist,san_93
san_0095,Hannah Martinez,UK,DOC-79698297,1990-11-06,MU,synthetic watchlist,san_94
san_0096,Varun Joshi,EU,DOC-18637945,1995-08-03,FR,synthetic watchlist,san_95
san_0097,Wei Brown,EU,DOC-10585686,2001-09-13,SG,synthetic watchlist,san_96
san_0098,Hiro Anderson,EU,DOC-71579949,1964-04-03,MU,synthetic watchlist,san_97
san_0099,Chen White,UK,DOC-83525263,1964-01-02,NL,synthetic watchlist,san_98
san_0100,Tara Wilson,OFAC,DOC-78662734,1982-08-13,FR,synthetic watchlist,san_99
